ID;POND;AGE_REV;SEXE_1;SEXE_2;STAT_CONJ_A;STAT_CONJ_B;NATIO_***;NATIO_000;NATIO_001;NATIO_1ES;NATIO_1IT;NATIO_1PT;NATIO_2**;NATIO_3**;NATIO_3DZ;NATIO_3MA;NATIO_3TN;NATIO_4TR;DIPL_*;DIPL_A;DIPL_B;DIPL_C;DIPL_D;TYP_ACT_1;TYP_ACT_2;TYP_ACT_3;TYP_ACT_4;TYP_ACT_5;TYP_ACT_6;NES4_1;NES4_2;NES4_3;NES4_4;NES4_9;CSP_1;CSP_2;CSP_3;CSP_4;CSP_5;CSP_6;CSP_8;CSP_9;CLUSTER
1968-11;917876.0;31484844.0;441212.0;476664.0;446268.0;471608.0;3716.0;808436.0;29656.0;13960.0;10316.0;11816.0;12976.0;1904.0;16984.0;3864.0;3848.0;400.0;250960.0;488420.0;82928.0;52708.0;42860.0;432512.0;12632.0;47032.0;3604.0;82000.0;340096.0;5748.0;138292.0;38240.0;250232.0;485364.0;2536.0;34980.0;42700.0;74816.0;144100.0;145640.0;82000.0;391104.0;0
1968-24;194184.0;7068212.0;98152.0;96032.0;98140.0;96044.0;108.0;186476.0;2036.0;1568.0;424.0;2016.0;904.0;48.0;404.0;152.0;48.0;0.0;51252.0;121156.0;12528.0;6336.0;2912.0;82584.0;1380.0;9448.0;1092.0;24036.0;75644.0;17676.0;22832.0;10956.0;31120.0;111600.0;12976.0;8704.0;2760.0;9204.0;15896.0;34376.0;24036.0;86232.0;2
1968-27;261144.0;8735308.0;130332.0;130812.0;117456.0;143688.0;52.0;245856.0;4728.0;1796.0;2676.0;2024.0;2088.0;40.0;1556.0;240.0;56.0;32.0;88876.0;141496.0;18756.0;8004.0;4012.0;94436.0;1444.0;18636.0;1288.0;26572.0;118768.0;16204.0;30308.0;10364.0;37560.0;166708.0;13496.0;9280.0;3396.0;10860.0;19792.0;39036.0;26572.0;138712.0;2
1968-28;319584.0;9679472.0;144760.0;174824.0;131596.0;187988.0;104.0;313784.0;1900.0;564.0;508.0;524.0;1208.0;184.0;624.0;136.0;40.0;8.0;121188.0;167820.0;18740.0;8044.0;3792.0;118104.0;1780.0;23912.0;3356.0;24208.0;148224.0;26716.0;34268.0;12868.0;44252.0;201480.0;21276.0;11596.0;3792.0;12368.0;21184.0;49584.0;24208.0;175576.0;2
1968-32;532400.0;17407540.0;283180.0;249220.0;247224.0;285176.0;136.0;495136.0;14680.0;1584.0;3488.0;2012.0;8228.0;120.0;5604.0;1332.0;60.0;20.0;168772.0;305480.0;34748.0;16216.0;7184.0;209336.0;4636.0;35624.0;3000.0;51372.0;228432.0;20028.0;86996.0;18256.0;84056.0;323064.0;13896.0;19472.0;7560.0;24288.0;45012.0;103296.0;51372.0;267504.0;1
1968-44;484516.0;15824296.0;242208.0;242308.0;222712.0;261804.0;268.0;440788.0;15756.0;3048.0;11904.0;1848.0;5804.0;172.0;4356.0;404.0;116.0;52.0;147388.0;272240.0;39920.0;16872.0;8096.0;191048.0;2760.0;26380.0;3576.0;39576.0;221176.0;24324.0;64640.0;20252.0;81832.0;293468.0;19916.0;15056.0;7684.0;22160.0;44716.0;84072.0;39576.0;251336.0;1
1968-52;266496.0;8295176.0;125416.0;141080.0;109396.0;157100.0;40.0;264356.0;732.0;344.0;144.0;212.0;332.0;56.0;184.0;40.0;28.0;28.0;97816.0;139020.0;18356.0;7796.0;3508.0;106396.0;1336.0;16556.0;1640.0;24188.0;116380.0;31096.0;27720.0;11280.0;36300.0;160100.0;25796.0;10092.0;3312.0;11168.0;16572.0;40776.0;24188.0;134592.0;2
1968-53;221508.0;8256820.0;107124.0;114384.0;107796.0;113712.0;44.0;220196.0;544.0;176.0;96.0;84.0;140.0;88.0;76.0;36.0;28.0;0.0;53016.0;144248.0;13160.0;7752.0;3332.0;98284.0;1436.0;11536.0;1592.0;30256.0;78404.0;34164.0;13972.0;10728.0;39420.0;123224.0;29900.0;10872.0;3292.0;8700.0;15844.0;31036.0;30256.0;91608.0;2
1968-75;474308.0;17795264.0;230980.0;243328.0;232748.0;241560.0;160.0;453780.0;7264.0;6280.0;2084.0;2396.0;1496.0;140.0;460.0;200.0;40.0;8.0;122676.0;297628.0;29492.0;16436.0;8076.0;193704.0;3128.0;20696.0;2544.0;63800.0;190436.0;55032.0;39272.0;21200.0;78200.0;280604.0;44388.0;21672.0;7088.0;17396.0;38472.0;67712.0;63800.0;213780.0;1
1968-76;387544.0;14537764.0;193500.0;194044.0;193664.0;193880.0;244.0;344120.0;16816.0;17060.0;4020.0;1476.0;1164.0;120.0;1824.0;552.0;140.0;8.0;107980.0;237652.0;20000.0;14076.0;7836.0;142140.0;2984.0;29444.0;1472.0;42136.0;169368.0;39384.0;26240.0;16552.0;59964.0;245404.0;31168.0;15496.0;6240.0;16236.0;26096.0;49512.0;42136.0;200660.0;1
1968-84;588472.0;19280312.0;271472.0;317000.0;262532.0;325940.0;552.0;536316.0;15260.0;7376.0;12156.0;4036.0;3488.0;200.0;7796.0;556.0;656.0;80.0;191176.0;322340.0;40632.0;21880.0;12444.0;237744.0;3764.0;47776.0;3940.0;48532.0;246716.0;39408.0;81376.0;25004.0;91956.0;350728.0;34460.0;24464.0;10340.0;29280.0;46016.0;96752.0;48532.0;298628.0;1
1968-93;315980.0;11881148.0;161508.0;154472.0;164216.0;151764.0;904.0;264960.0;23676.0;6544.0;8436.0;564.0;2688.0;140.0;6408.0;468.0;1104.0;88.0;74328.0;196672.0;22284.0;13900.0;8796.0;123836.0;5976.0;17420.0;1244.0;31720.0;135784.0;13108.0;25096.0;17164.0;68468.0;192144.0;9216.0;16264.0;7252.0;14948.0;32756.0;49024.0;31720.0;154800.0;2
1968-94;19940.0;805320.0;9740.0;10200.0;8660.0;11280.0;0.0;18000.0;420.0;180.0;600.0;80.0;180.0;0.0;40.0;400.0;40.0;0.0;4700.0;13940.0;440.0;560.0;300.0;5760.0;80.0;1240.0;60.0;2060.0;10740.0;1440.0;320.0;1220.0;2780.0;14180.0;920.0;660.0;180.0;580.0;1360.0;2120.0;2060.0;12060.0;2
1975-11;1006510.0;33766575.0;494590.0;511920.0;472010.0;534500.0;6440.0;856800.0;31660.0;12875.0;8395.0;32430.0;12560.0;5125.0;25350.0;7745.0;6060.0;1070.0;307910.0;456095.0;98640.0;69245.0;74620.0;455970.0;20165.0;44850.0;3825.0;101655.0;380045.0;4495.0;128190.0;37320.0;285965.0;550540.0;1990.0;29125.0;57280.0;92820.0;157730.0;136125.0;101655.0;429785.0;0
1975-24;214375.0;7415585.0;103900.0;110475.0;103020.0;111355.0;200.0;201610.0;2590.0;1025.0;405.0;4930.0;905.0;125.0;1115.0;875.0;255.0;340.0;66730.0;112510.0;19865.0;8665.0;6605.0;85080.0;2885.0;7085.0;815.0;29760.0;88750.0;11415.0;24005.0;8650.0;41010.0;129295.0;8255.0;6855.0;4720.0;12155.0;21700.0;34180.0;29760.0;96750.0;2
1975-27;259825.0;8738960.0;121055.0;138770.0;121710.0;138115.0;235.0;238635.0;4960.0;1440.0;1965.0;4840.0;2025.0;115.0;3050.0;1645.0;350.0;565.0;83275.0;128555.0;28880.0;10835.0;8280.0;103610.0;2815.0;9105.0;1850.0;30790.0;111655.0;11670.0;37370.0;8015.0;46555.0;156215.0;9765.0;8765.0;5045.0;14275.0;23995.0;44380.0;30790.0;122810.0;2
1975-28;272055.0;9555035.0;138165.0;133890.0;143315.0;128740.0;150.0;263475.0;2360.0;375.0;385.0;1895.0;930.0;425.0;1115.0;505.0;205.0;235.0;74405.0;150980.0;27315.0;11195.0;8160.0;115385.0;4000.0;11215.0;735.0;31275.0;109445.0;16770.0;33730.0;9910.0;54975.0;156670.0;13360.0;9410.0;5340.0;17260.0;27690.0;46170.0;31275.0;121550.0;2
1975-32;607420.0;18848565.0;312920.0;294500.0;271510.0;335910.0;160.0;563670.0;15515.0;1915.0;4090.0;4855.0;6295.0;470.0;7260.0;2570.0;435.0;185.0;228510.0;302790.0;41175.0;20855.0;14090.0;196290.0;7550.0;21180.0;1595.0;52480.0;328325.0;14265.0;80900.0;13210.0;87915.0;411130.0;10390.0;16830.0;11040.0;27950.0;41625.0;95150.0;52480.0;351955.0;1
1975-44;529160.0;17746975.0;259140.0;270020.0;256170.0;272990.0;365.0;473750.0;16625.0;3120.0;10515.0;6620.0;5505.0;460.0;7810.0;2395.0;670.0;1325.0;158970.0;265800.0;63305.0;23405.0;17680.0;199880.0;5760.0;16805.0;2335.0;57920.0;246460.0;13365.0;72615.0;17705.0;96195.0;329280.0;10785.0;11950.0;12475.0;30755.0;49995.0;89270.0;57920.0;266010.0;1
1975-52;301650.0;9750930.0;145750.0;155900.0;128440.0;173210.0;75.0;297895.0;955.0;215.0;95.0;965.0;305.0;100.0;345.0;385.0;175.0;140.0;113885.0;141800.0;28760.0;9735.0;7470.0;107930.0;3125.0;7990.0;1725.0;39040.0;141840.0;20645.0;29985.0;11395.0;45905.0;193720.0;17225.0;8260.0;4890.0;13765.0;24370.0;42380.0;39040.0;151720.0;2
1975-53;249370.0;8673495.0;133660.0;115710.0;117945.0;131425.0;125.0;247050.0;700.0;200.0;90.0;565.0;220.0;35.0;135.0;165.0;45.0;40.0;75595.0;130555.0;25370.0;9700.0;8150.0;100085.0;3775.0;9880.0;780.0;34685.0;100165.0;23240.0;16575.0;9590.0;50680.0;149285.0;19985.0;9620.0;4955.0;13715.0;23120.0;32070.0;34685.0;111220.0;2
1975-75;503780.0;19056805.0;225855.0;277925.0;254955.0;248825.0;300.0;481015.0;7660.0;4275.0;1620.0;5155.0;1180.0;245.0;1000.0;990.0;190.0;150.0;140250.0;281825.0;44875.0;21685.0;15145.0;182845.0;7485.0;23100.0;2815.0;82035.0;205500.0;35350.0;39090.0;19020.0;89385.0;320935.0;28180.0;19165.0;9580.0;24435.0;45585.0;62785.0;82035.0;232015.0;1
1975-76;400090.0;14691670.0;203510.0;196580.0;193165.0;206925.0;550.0;355595.0;17690.0;12085.0;2910.0;3170.0;1365.0;265.0;3490.0;2490.0;425.0;55.0;118835.0;215130.0;30835.0;18970.0;16320.0;140085.0;6960.0;24935.0;1795.0;49610.0;176705.0;25455.0;28090.0;14635.0;71905.0;260005.0;19250.0;15480.0;9240.0;20135.0;35990.0;46480.0;49610.0;203905.0;1
1975-84;602460.0;20748780.0;295450.0;307010.0;286135.0;316325.0;1000.0;535430.0;16535.0;6920.0;9490.0;11070.0;3300.0;405.0;12680.0;2300.0;2400.0;930.0;180645.0;307115.0;60560.0;29460.0;24680.0;247495.0;8070.0;25095.0;4420.0;72270.0;245110.0;26415.0;83275.0;22360.0;115445.0;354965.0;22950.0;21490.0;15835.0;38425.0;59850.0;96530.0;72270.0;275110.0;1
1975-93;379285.0;13837180.0;174870.0;204415.0;184650.0;194635.0;805.0;321805.0;24240.0;5125.0;7335.0;1090.0;2845.0;390.0;10575.0;2190.0;2725.0;160.0;111525.0;198290.0;30885.0;21035.0;17550.0;131755.0;8975.0;13315.0;1370.0;49470.0;174400.0;8585.0;25765.0;16355.0;81050.0;247530.0;5525.0;14740.0;9865.0;23135.0;39830.0;46875.0;49470.0;189845.0;1
1975-94;22865.0;897450.0;11280.0;11585.0;11535.0;11330.0;0.0;19685.0;590.0;145.0;585.0;25.0;205.0;0.0;40.0;1475.0;95.0;20.0;4390.0;16145.0;605.0;1105.0;620.0;7325.0;480.0;525.0;5.0;2045.0;12485.0;1650.0;335.0;1250.0;4090.0;15540.0;545.0;855.0;360.0;820.0;2035.0;3075.0;2045.0;13130.0;2
1982-11;1015588.0;34806736.0;496652.0;518936.0;463484.0;552104.0;11872.0;850932.0;33936.0;7864.0;6396.0;33328.0;11844.0;9944.0;28396.0;11488.0;7540.0;2048.0;292796.0;442104.0;104272.0;81240.0;95176.0;462080.0;37028.0;83068.0;3552.0;104696.0;325164.0;2776.0;108944.0;29476.0;320884.0;553508.0;1692.0;30256.0;74996.0;100868.0;162944.0;123200.0;104696.0;416936.0;0
1982-24;214984.0;7801608.0;104196.0;110788.0;105532.0;109452.0;824.0;201000.0;2968.0;868.0;280.0;4452.0;792.0;260.0;948.0;1792.0;276.0;524.0;56764.0;108520.0;27820.0;11948.0;9932.0;91208.0;7424.0;11280.0;1772.0;33660.0;69640.0;10416.0;24736.0;7908.0;48148.0;123776.0;8316.0;7648.0;6164.0;14408.0;24172.0;36852.0;33660.0;83764.0;2
1982-27;303456.0;10196612.0;155460.0;147996.0;131992.0;171464.0;448.0;280176.0;5700.0;968.0;1496.0;4644.0;1528.0;208.0;3028.0;3400.0;612.0;1248.0;105008.0;139304.0;32640.0;14400.0;12104.0;107324.0;9740.0;21456.0;1256.0;40620.0;123060.0;10648.0;34272.0;8092.0;54312.0;196132.0;9188.0;9568.0;6132.0;18124.0;26428.0;45596.0;40620.0;147800.0;2
1982-28;337684.0;11009704.0;142280.0;195404.0;146492.0;191192.0;420.0;327464.0;2380.0;284.0;356.0;1936.0;792.0;572.0;1540.0;1076.0;300.0;564.0;119464.0;155868.0;34556.0;14028.0;13768.0;122248.0;12416.0;33976.0;1564.0;42944.0;124536.0;13948.0;36912.0;9468.0;61920.0;215436.0;11716.0;9464.0;7724.0;20336.0;31240.0;51692.0;42944.0;162568.0;2
1982-32;568204.0;18039188.0;239292.0;328912.0;263484.0;304720.0;728.0;525808.0;12824.0;784.0;2628.0;5308.0;5156.0;748.0;9136.0;4280.0;480.0;324.0;190636.0;267980.0;60452.0;27044.0;22092.0;199208.0;24508.0;29116.0;2616.0;56476.0;256280.0;12600.0;65648.0;13932.0;107028.0;368996.0;9360.0;14920.0;13404.0;35804.0;53704.0;91272.0;56476.0;293264.0;1
1982-44;551272.0;17366356.0;281164.0;270108.0;246152.0;305120.0;1488.0;497216.0;14044.0;2100.0;7056.0;6592.0;4572.0;712.0;8680.0;4440.0;1092.0;3280.0;189180.0;233464.0;75372.0;28520.0;24736.0;205560.0;18868.0;37996.0;2308.0;56136.0;230404.0;12912.0;67440.0;15696.0;109512.0;345712.0;10600.0;13860.0;13328.0;35860.0;56172.0;91240.0;56136.0;274076.0;1
1982-52;292576.0;9869556.0;140468.0;152108.0;140052.0;152524.0;500.0;287084.0;1084.0;176.0;124.0;1000.0;296.0;204.0;568.0;792.0;292.0;456.0;94564.0;134640.0;36564.0;15276.0;11532.0;119476.0;10472.0;31028.0;828.0;37560.0;93212.0;18712.0;31668.0;9536.0;59560.0;173100.0;16440.0;10452.0;6936.0;17168.0;32300.0;45300.0;37560.0;126420.0;2
1982-53;264544.0;9345896.0;117852.0;146692.0;122756.0;141788.0;232.0;261604.0;828.0;96.0;80.0;468.0;264.0;156.0;180.0;404.0;52.0;180.0;77132.0;125468.0;34660.0;15228.0;12056.0;107716.0;9828.0;29204.0;1008.0;38432.0;78356.0;18516.0;18928.0;11756.0;58516.0;156828.0;16752.0;10324.0;6700.0;16012.0;29280.0;36920.0;38432.0;110124.0;2
1982-75;472108.0;18756416.0;225888.0;246220.0;246972.0;225136.0;800.0;447552.0;7976.0;3292.0;1044.0;5364.0;1204.0;656.0;1324.0;2204.0;256.0;436.0;102720.0;258616.0;59576.0;29080.0;22116.0;190640.0;18480.0;27172.0;2928.0;88860.0;144028.0;27968.0;40596.0;16312.0;105764.0;281468.0;22984.0;20272.0;12048.0;30396.0;54420.0;65636.0;88860.0;177492.0;1
1982-76;418764.0;16307796.0;199772.0;218992.0;210464.0;208300.0;1148.0;375928.0;17700.0;8268.0;1792.0;3208.0;1740.0;404.0;3776.0;3876.0;724.0;200.0;103464.0;223856.0;40748.0;27948.0;22748.0;154056.0;16904.0;39772.0;1920.0;72184.0;133928.0;23340.0;25728.0;15132.0;89856.0;264708.0;19516.0;17056.0;11252.0;27404.0;45152.0;47580.0;72184.0;178620.0;1
1982-84;664480.0;22835172.0;327000.0;337480.0;299220.0;365260.0;2024.0;594140.0;16712.0;4328.0;6924.0;10012.0;3228.0;952.0;14248.0;4664.0;4384.0;2864.0;214032.0;301860.0;72204.0;40976.0;35408.0;258876.0;22460.0;73644.0;1980.0;89316.0;218204.0;20512.0;76972.0;22452.0;138940.0;405604.0;18776.0;24712.0;19868.0;48212.0;69224.0;96380.0;89316.0;297992.0;1
1982-93;384712.0;14781192.0;187488.0;197224.0;196160.0;188552.0;1476.0;330392.0;21920.0;3340.0;5604.0;1420.0;3452.0;716.0;7864.0;3520.0;4708.0;300.0;92620.0;202824.0;38384.0;27656.0;23228.0;139296.0;18020.0;20256.0;1168.0;60256.0;145716.0;7796.0;23748.0;15260.0;92492.0;245416.0;5700.0;15824.0;12992.0;27272.0;45656.0;47332.0;60256.0;169680.0;1
1982-94;24200.0;886400.0;12156.0;12044.0;11212.0;12988.0;28.0;21280.0;516.0;52.0;492.0;228.0;176.0;24.0;116.0;1108.0;172.0;8.0;6620.0;13988.0;1180.0;1572.0;840.0;7552.0;1080.0;1128.0;56.0;3196.0;11188.0;1004.0;544.0;1024.0;4980.0;16648.0;500.0;944.0;480.0;1064.0;2756.0;2516.0;3196.0;12744.0;2
1990-1;39499.0;1154232.0;19138.0;20361.0;10768.0;28731.0;907.0;38323.0;208.0;2.0;9.0;0.0;33.0;12.0;1.0;2.0;2.0;0.0;15012.0;19194.0;2461.0;1299.0;1533.0;10620.0;6225.0;4739.0;59.0;3484.0;14372.0;1208.0;1116.0;924.0;7372.0;28879.0;949.0;1553.0;837.0;1626.0;5646.0;3211.0;3484.0;22193.0;2
1990-11;1076069.0;36836386.0;545658.0;530411.0;443839.0;632230.0;19134.0;888168.0;47486.0;5553.0;5360.0;31578.0;12179.0;15297.0;23765.0;15956.0;7245.0;4348.0;325907.0;374690.0;134120.0;99045.0;142307.0;483188.0;47546.0;106560.0;3517.0;130106.0;305152.0;2216.0;93311.0;31684.0;355977.0;592881.0;1316.0;31071.0;104440.0;116697.0;155479.0;117387.0;130106.0;419573.0;0
1990-2;29113.0;1011577.0;13405.0;15708.0;9858.0;19255.0;239.0;28621.0;178.0;1.0;6.0;4.0;37.0;24.0;2.0;0.0;1.0;0.0;6559.0;15901.0;3568.0;1470.0;1615.0;11626.0;4985.0;2101.0;256.0;3424.0;6721.0;1092.0;1039.0;756.0;8739.0;17487.0;391.0;1286.0;806.0;1821.0;5188.0;4988.0;3424.0;11209.0;2
1990-24;226893.0;8562396.0;112131.0;114762.0;108318.0;118575.0;808.0;211104.0;4352.0;508.0;256.0;3393.0;804.0;508.0;928.0;2704.0;340.0;1188.0;59172.0;101741.0;36114.0;15364.0;14502.0;91333.0;10600.0;21008.0;940.0;44080.0;58932.0;6896.0;23834.0;7152.0;53451.0;135560.0;5392.0;7475.0;8580.0;17856.0;26932.0;34814.0;44080.0;81764.0;2
1990-27;291074.0;10574390.0;144478.0;146596.0;131412.0;159662.0;640.0;270042.0;6016.0;704.0;1228.0;3398.0;1313.0;260.0;2093.0;3436.0;524.0;1420.0;86321.0;125926.0;44717.0;17988.0;16122.0;106670.0;11116.0;19112.0;1714.0;54397.0;98065.0;7164.0;32104.0;7088.0;60314.0;184404.0;6116.0;8567.0;8617.0;19860.0;29788.0;43546.0;54397.0;120183.0;2
1990-28;314952.0;11341530.0;154292.0;160660.0;144261.0;170691.0;441.0;304281.0;3393.0;208.0;212.0;1320.0;677.0;996.0;1124.0;1192.0;380.0;728.0;95996.0;136249.0;45302.0;18993.0;18412.0;118233.0;16764.0;34969.0;1085.0;51961.0;91940.0;10756.0;29814.0;9412.0;68251.0;196719.0;8940.0;10372.0;9976.0;23844.0;32868.0;47045.0;51961.0;129946.0;2
1990-3;11974.0;276430.0;6682.0;5292.0;1996.0;9978.0;3460.0;7986.0;364.0;6.0;3.0;15.0;125.0;11.0;2.0;0.0;1.0;1.0;5138.0;4707.0;981.0;537.0;611.0;3554.0;1262.0;436.0;19.0;384.0;6319.0;395.0;329.0;391.0;2439.0;8420.0;247.0;343.0;324.0;684.0;1163.0;1442.0;384.0;7387.0;2
1990-32;600867.0;19620852.0;300273.0;300594.0;253969.0;346898.0;876.0;562950.0;14492.0;768.0;1772.0;3776.0;4316.0;1177.0;4568.0;5084.0;436.0;652.0;210338.0;246040.0;76893.0;33786.0;33810.0;200822.0;35580.0;59635.0;893.0;72758.0;231179.0;8504.0;53301.0;13536.0;125481.0;400045.0;6416.0;15318.0;18448.0;42476.0;58882.0;89105.0;72758.0;297464.0;1
1990-4;64936.0;1583585.0;28225.0;36711.0;17019.0;47917.0;36.0;64207.0;478.0;4.0;5.0;3.0;30.0;166.0;4.0;2.0;1.0;0.0;29178.0;28474.0;3664.0;1747.0;1873.0;12453.0;9120.0;5255.0;46.0;3470.0;34592.0;725.0;934.0;1081.0;9713.0;52483.0;606.0;1218.0;1228.0;2203.0;6267.0;4796.0;3470.0;45148.0;2
1990-44;545634.0;18554541.0;265670.0;279964.0;240954.0;304680.0;1512.0;494253.0;17151.0;1260.0;5229.0;4164.0;4085.0;916.0;6088.0;5412.0;912.0;4652.0;169542.0;215414.0;92392.0;35859.0;32427.0;204310.0;21370.0;30996.0;3405.0;75234.0;210319.0;10020.0;63009.0;14265.0;117016.0;341324.0;7688.0;12083.0;17432.0;41921.0;59890.0;84422.0;75234.0;246964.0;1
1990-52;314145.0;11010333.0;152236.0;161909.0;139420.0;174725.0;692.0;307477.0;1896.0;148.0;92.0;840.0;432.0;296.0;532.0;1144.0;264.0;332.0;97598.0;126061.0;52827.0;19769.0;17890.0;119756.0;13164.0;24523.0;1635.0;54656.0;100411.0;11684.0;30902.0;8805.0;68365.0;194389.0;9320.0;8916.0;10864.0;22229.0;35429.0;45018.0;54656.0;127713.0;2
1990-53;285069.0;10037215.0;145811.0;139258.0;111001.0;174068.0;485.0;280732.0;1404.0;84.0;48.0;384.0;504.0;224.0;256.0;532.0;88.0;328.0;97288.0;108364.0;41299.0;20373.0;17745.0;99593.0;12348.0;40449.0;2510.0;48684.0;81485.0;12916.0;20061.0;7712.0;58904.0;185476.0;11072.0;9280.0;9188.0;20028.0;27108.0;34453.0;48684.0;125256.0;2
1990-75;490126.0;19517979.0;240263.0;249863.0;239587.0;250539.0;929.0;463338.0;11044.0;2560.0;740.0;4312.0;1712.0;782.0;985.0;2732.0;212.0;780.0;113999.0;223962.0;80682.0;38154.0;33329.0;192650.0;27048.0;40918.0;2105.0;102700.0;124705.0;21088.0;37424.0;14536.0;119602.0;297476.0;16368.0;18144.0;18476.0;35900.0;63253.0;64833.0;102700.0;170452.0;1
1990-76;471152.0;17741164.0;229416.0;241736.0;209909.0;261243.0;1304.0;426109.0;21699.0;5104.0;1448.0;2452.0;2404.0;640.0;3596.0;5168.0;608.0;620.0;136441.0;201174.0;61779.0;36845.0;34913.0;165465.0;25894.0;49309.0;1309.0;81633.0;147542.0;16724.0;27480.0;13480.0;107781.0;305687.0;13932.0;17382.0;18520.0;34952.0;51712.0;52413.0;81633.0;200608.0;1
1990-84;684608.0;24687963.0;322749.0;361859.0;302178.0;382430.0;2752.0;611893.0;23628.0;2716.0;5204.0;9265.0;3352.0;1288.0;10448.0;5489.0;4064.0;4509.0;204823.0;273319.0;100525.0;50785.0;55156.0;269897.0;28848.0;89372.0;3458.0;111756.0;181277.0;14528.0;69716.0;21708.0;163945.0;414711.0;12784.0;25188.0;29284.0;58732.0;76656.0;93457.0;111756.0;276751.0;1
1990-93;456757.0;16694015.0;210563.0;246194.0;197732.0;259025.0;1885.0;402852.0;23842.0;2125.0;4176.0;1220.0;3356.0;1178.0;6348.0;4512.0;4911.0;352.0;139472.0;185988.0;59610.0;37248.0;34439.0;146239.0;28996.0;46600.0;1738.0;80112.0;153072.0;5176.0;20656.0;12684.0;107723.0;310518.0;3116.0;17033.0;18348.0;34364.0;55066.0;43932.0;80112.0;204786.0;1
1990-94;23369.0;947646.0;11755.0;11614.0;10812.0;12557.0;36.0;20284.0;676.0;36.0;316.0;380.0;172.0;12.0;116.0;1133.0;204.0;4.0;4919.0;12478.0;2324.0;2092.0;1556.0;8237.0;1500.0;1539.0;37.0;4224.0;7832.0;736.0;585.0;888.0;6028.0;15132.0;460.0;1248.0;676.0;1588.0;3196.0;2305.0;4224.0;9672.0;2
1999-1;38227.0;1476080.0;15641.0;22586.0;11626.0;26601.0;929.0;36858.0;339.0;6.0;12.0;10.0;48.0;16.0;3.0;3.0;2.0;1.0;9212.0;19468.0;4427.0;2891.0;2229.0;11629.0;5684.0;2805.0;32.0;6854.0;11223.0;684.0;951.0;869.0;9125.0;26598.0;495.0;1503.0;909.0;2688.0;6463.0;3701.0;6854.0;15614.0;2
1999-11;1101783.0;39450736.0;528398.0;573385.0;421053.0;680730.0;18539.0;895801.0;75645.0;4353.0;4405.0;26849.0;13162.0;18614.0;18929.0;14435.0;6123.0;4928.0;326203.0;291204.0;158508.0;108139.0;217729.0;481335.0;63906.0;109586.0;1244.0;150863.0;294849.0;2456.0;63064.0;22249.0;393566.0;620448.0;1018.0;28161.0;116024.0;135114.0;162201.0;97236.0;150863.0;411166.0;0
1999-2;45922.0;1496042.0;21751.0;24171.0;11221.0;34701.0;243.0;45375.0;225.0;3.0;5.0;3.0;36.0;23.0;5.0;1.0;2.0;1.0;18299.0;18185.0;4647.0;2086.0;2705.0;11696.0;4724.0;2571.0;75.0;6790.0;20066.0;1092.0;954.0;640.0;9010.0;34226.0;393.0;1305.0;1118.0;2601.0;5780.0;4036.0;6790.0;23899.0;2
1999-24;250922.0;9638224.0;125384.0;125538.0;109485.0;141437.0;678.0;233765.0;6878.0;360.0;202.0;2988.0;951.0;710.0;733.0;2405.0;168.0;1084.0;68036.0;88209.0;49565.0;19697.0;25415.0;100243.0;12874.0;18125.0;364.0;50353.0;68963.0;5222.0;21636.0;5870.0;67515.0;150679.0;3443.0;6596.0;10397.0;23062.0;33273.0;35202.0;50353.0;88596.0;2
1999-27;292592.0;10886619.0;151629.0;140963.0;121743.0;170849.0;448.0;271390.0;9186.0;487.0;799.0;2321.0;1567.0;413.0;1485.0;2495.0;466.0;1535.0;87458.0;99295.0;55834.0;22338.0;27667.0;109644.0;13915.0;25590.0;463.0;55404.0;87576.0;5910.0;26714.0;6240.0;70780.0;182948.0;4250.0;7221.0;9773.0;25211.0;35888.0;39833.0;55404.0;115012.0;2
1999-28;307212.0;11343146.0;156226.0;150986.0;131637.0;175575.0;454.0;295658.0;4646.0;198.0;190.0;969.0;938.0;1120.0;1094.0;1155.0;196.0;594.0;81356.0;111280.0;62460.0;23500.0;28616.0;124994.0;19236.0;17921.0;501.0;50880.0;93680.0;6413.0;28634.0;7074.0;82873.0;182218.0;4597.0;8546.0;11316.0;28033.0;42423.0;47472.0;50880.0;113945.0;2
1999-3;15224.0;415725.0;6793.0;8431.0;2633.0;12591.0;4465.0;10030.0;585.0;6.0;15.0;9.0;85.0;21.0;6.0;2.0;0.0;0.0;6195.0;5243.0;1813.0;838.0;1135.0;4425.0;2191.0;1348.0;32.0;544.0;6684.0;286.0;326.0;421.0;3392.0;10799.0;227.0;473.0;494.0;1086.0;2087.0;1413.0;544.0;8900.0;2
1999-32;588621.0;20842434.0;315585.0;273036.0;244186.0;344435.0;652.0;553403.0;16650.0;575.0;1232.0;3076.0;2784.0;1171.0;3701.0;4317.0;409.0;651.0;175909.0;206919.0;99387.0;45534.0;60872.0;214937.0;41472.0;38482.0;693.0;96204.0;196833.0;6795.0;45436.0;12935.0;149771.0;373684.0;4100.0;11777.0;24323.0;53410.0;72795.0;83657.0;96204.0;242355.0;1
1999-4;70062.0;2234712.0;35023.0;35039.0;23997.0;46065.0;36.0;68964.0;757.0;5.0;6.0;4.0;37.0;244.0;5.0;4.0;0.0;0.0;24823.0;30070.0;6787.0;4195.0;4187.0;16807.0;11723.0;16624.0;41.0;3340.0;21527.0;1090.0;1390.0;926.0;13401.0;53255.0;920.0;1532.0;1571.0;4777.0;10193.0;6508.0;3340.0;41221.0;2
1999-44;570864.0;21031075.0;271205.0;299659.0;238867.0;331997.0;1322.0;518064.0;22265.0;963.0;4034.0;3307.0;6318.0;1028.0;4015.0;4263.0;592.0;4693.0;166508.0;184695.0;118169.0;43600.0;57892.0;222065.0;26817.0;56406.0;1190.0;93815.0;170571.0;7855.0;55024.0;12480.0;146706.0;348799.0;4965.0;12354.0;22900.0;51620.0;69618.0;84652.0;93815.0;230940.0;1
1999-52;326832.0;12132640.0;158460.0;168372.0;133774.0;193058.0;479.0;319289.0;3350.0;130.0;106.0;644.0;812.0;427.0;339.0;689.0;268.0;299.0;98855.0;104750.0;64179.0;26991.0;32057.0;129333.0;16470.0;37138.0;463.0;57248.0;86180.0;8869.0;29496.0;8506.0;82462.0;197499.0;5969.0;8721.0;12584.0;27391.0;40947.0;48771.0;57248.0;125201.0;2
1999-53;292619.0;10917891.0;137155.0;155464.0;121250.0;171369.0;380.0;287069.0;2522.0;103.0;81.0;352.0;894.0;299.0;157.0;385.0;59.0;318.0;85114.0;90310.0;55280.0;28928.0;32987.0;115451.0;12649.0;24097.0;599.0;52536.0;87287.0;9388.0;19276.0;7560.0;79227.0;177168.0;6975.0;9226.0;12223.0;26727.0;37555.0;34534.0;52536.0;112843.0;2
1999-75;520501.0;21015037.0;256095.0;264406.0;222161.0;298340.0;1023.0;491996.0;13223.0;1635.0;569.0;3610.0;2715.0;861.0;971.0;3042.0;186.0;670.0;129034.0;184447.0;102440.0;46514.0;58066.0;198078.0;30488.0;49236.0;1036.0;111424.0;130239.0;15641.0;34016.0;12010.0;136411.0;322423.0;10523.0;16949.0;21465.0;46286.0;69562.0;60888.0;111424.0;183404.0;1
1999-76;501731.0;19643622.0;246633.0;255098.0;208326.0;293405.0;1327.0;452663.0;25764.0;3598.0;1130.0;2664.0;3816.0;952.0;2547.0;6452.0;392.0;426.0;141502.0;170930.0;81822.0;45566.0;61911.0;171146.0;32255.0;46133.0;477.0;102251.0;149469.0;11299.0;24053.0;11229.0;124565.0;330585.0;8197.0;16216.0;22395.0;43918.0;63092.0;46432.0;102251.0;199230.0;1
1999-84;687599.0;25975833.0;351923.0;335676.0;286864.0;400735.0;2416.0;617251.0;29974.0;2223.0;3689.0;6597.0;4665.0;1326.0;8227.0;4433.0;2615.0;4183.0;188260.0;219758.0;129560.0;61504.0;88517.0;280889.0;35120.0;70775.0;836.0;122804.0;177175.0;10864.0;62124.0;17149.0;190752.0;406710.0;8274.0;22628.0;33846.0;71679.0;89408.0;86857.0;122804.0;252103.0;1
1999-93;429195.0;17695842.0;210197.0;218998.0;186015.0;243180.0;1395.0;374862.0;25036.0;1477.0;3300.0;1381.0;4334.0;1727.0;6090.0;5265.0;3885.0;443.0;94242.0;154539.0;75628.0;45213.0;59573.0;159329.0;33604.0;34111.0;343.0;88731.0;113077.0;5011.0;17227.0;9114.0;127977.0;269866.0;2596.0;15401.0;21565.0;43371.0;63914.0;42583.0;88731.0;151034.0;1
1999-94;30282.0;1098416.0;14969.0;15313.0;10728.0;19554.0;30.0;26995.0;712.0;41.0;264.0;355.0;175.0;25.0;62.0;1406.0;216.0;1.0;10487.0;10749.0;3473.0;2943.0;2630.0;8430.0;1803.0;2417.0;17.0;4464.0;13151.0;386.0;601.0;776.0;6667.0;21852.0;254.0;1085.0;887.0;1747.0;3830.0;2170.0;4464.0;15845.0;2
2006-1;31027.87281548793;1229902.9072157142;15649.371315276969;15378.501500210994;10641.737538787595;20386.135276700377;1595.642580157199;28903.086229672565;395.18381100759996;10.0734259398;10.247543503400001;5.0169178384999995;67.6223162252;19.5070450295;11.5320214444;7.449228763400001;2.5116959064;0.0;5225.198419429799;13264.987492132286;4914.1505948558115;4140.249585556403;3483.286723513704;11666.43749179719;5292.808854516509;1218.0147681764;0.0;4768.093094974404;8082.518606023507;793.3570425182002;764.8018315270002;799.4254014133005;9308.853216338692;19361.43532369075;532.6153382975001;1355.7119072086002;1214.1311425920999;3337.6474203617036;5825.719581300406;3374.0894617427043;4768.093094974404;10619.864869010586;2
2006-11;1152842.7562099718;41759307.97183213;570109.0517733045;582733.704436644;421307.7235674323;731535.0326425357;23106.000681357185;912439.6213849913;95315.65102284298;3995.781385710201;4181.1788341919;23815.26282856477;15512.675295666555;28711.30038880975;19937.29268220953;14579.387252848004;6117.123595279483;5131.480857504098;319853.554728484;265927.6985351879;148096.96097490663;137054.28896121832;281910.25301013375;530999.3792199783;64051.8178578376;97337.26565386953;0.0;166268.71498778087;294185.5784904761;2397.7343325590023;55450.635542698394;25605.874676692525;447545.13466802094;621843.3769899604;768.4389843411001;25466.843944670723;149220.19173982614;151275.70092798737;170165.35371565208;92360.67986959683;166268.71498778087;397316.8320400801;0
2006-2;50275.062054155525;1626628.075490995;23848.328705582655;26426.733348572907;11385.288467639217;38889.773586516356;506.1146192322001;49372.87961557871;248.87187794739995;4.920328790499999;7.597776317800001;5.0531914894;79.34129852059999;22.270184985400004;6.602202934799999;18.9163347028;2.4946236559;0.0;20424.680791189494;16034.460122068087;5560.7136265565005;3916.213046814299;4338.994467527102;14222.406098855405;4903.008012428995;5054.914528331201;0.0;7664.3216594011;18430.411755138797;721.3484009469;976.9914032797999;910.3621628648002;11613.704131763901;36052.65595530014;282.7831746382999;1161.6418108473003;1327.0305184306008;3463.1641327208013;6807.752905262594;4978.026319399901;7664.3216594011;24590.341533454903;2
2006-24;271741.3640796013;10104559.316672057;132634.9082820028;139106.45579759663;104333.19668010224;167408.16739949828;708.1150215935002;253797.90974890697;7615.887428692306;329.5069118580001;175.98554045690003;2704.3843022139977;1277.2108531389008;1334.5580393178996;708.2276183114996;1749.9457201686002;184.83457311119994;1154.7983218307995;83963.2839081884;76239.69684530901;50610.71471368986;26422.05252970481;34505.6160827087;105183.54571504841;11810.681472660268;24407.29962024962;0.0;56275.36837068663;74064.46890095541;4408.930347234299;19791.549772075654;7096.368041156296;73886.69755458215;166557.81836455283;2685.9066811121993;6208.223441507998;13672.26976577048;25881.689047074447;34314.38563713995;33593.537004042366;56275.36837068663;99109.98413226666;2
2006-27;288023.46165175363;11593683.520135669;138149.7899138895;149873.6717378645;118853.82042998084;169169.6412217752;610.6508695063;267693.0647166593;9372.975115770012;336.1362055145999;676.991257713;1999.3691599444996;2093.282435557099;457.50613795370026;1276.2830907877005;1619.3225455414004;321.67632576550005;1566.2037910428007;73294.99083109846;91342.9501917616;55184.29785181062;29547.338698302887;38653.884078782656;116008.53587748524;12573.295702907997;24484.05693854244;0.0;67913.79023049424;67043.78290232568;5968.924621122601;24734.435323613554;7904.830673870315;77400.34525887945;172014.92577427102;4296.7924053199995;7364.029202243906;12586.653606450083;28303.22239853002;37007.831601378675;38201.88181515158;67913.79023049424;92349.26039218735;2
2006-28;322754.924422433;12587163.590571966;163638.46834896755;159116.4560734654;132092.97637241817;190661.94805001485;522.0913907766999;309919.38176215;5538.479864438596;170.167275374;180.08837840550007;891.8450172113005;1560.6676595717017;1190.1695404878008;961.3261541277004;770.7358350079005;190.17859912949996;859.7929457516001;83615.3619321482;102965.25547129671;61724.4087984247;33458.27501951125;40991.623201054;131306.56979830013;16387.21506785071;23154.396012791407;0.0;69811.27300494417;82095.47053854725;5881.6577898927035;24283.310142744027;9355.0693344769;91786.53253118723;191448.35462413268;3908.9717931661007;8218.190775443616;14617.911916603493;33001.089053947806;45408.84639865744;41032.30119454125;69811.27300494417;106756.34028513035;2
2006-3;17650.548716317335;517609.133022021;8266.582884064706;9383.965832252594;3568.721677619891;14081.82703869739;6757.053528716704;9486.0853899173;1294.1597929538998;16.2847175416;4.9574364622000004;0.0;50.5349939973;23.9925447197;2.4770764119999997;12.467521310899999;2.5357142857;0.0;5850.278251877202;7190.087197511709;1863.3379099962988;1245.7950976180005;1501.0502593140989;5733.934186333396;2414.2368480145988;1270.2787164212998;0.0;862.3228548110999;7369.776110736902;206.76374701840004;665.1866890321999;377.6614845322002;4484.322265750597;11916.61452998391;112.33644883230004;844.7110583165;639.8498843894002;1278.3537203192018;2438.312947186299;1463.629275279099;862.3228548110999;10011.03252718341;2
2006-32;580885.0387936954;22352477.48552677;310919.0073625523;269966.03143113526;234809.31799314302;346075.7208005448;1018.2550890454997;547494.1519711402;15082.56280930998;476.9474618487998;898.5863823308002;2399.083075475701;3061.0747236088987;1802.7377959436972;3457.6034924791975;3946.2790499284056;374.1587333955001;873.5982091837998;156379.94679350083;182051.96743267588;107507.7800427632;57993.398744347214;76951.94578039915;222960.47925863482;36130.424537154104;56980.07217059232;0.0;111862.34884978626;152951.71397751896;6108.248722803801;40333.08711741135;13627.486335894117;162891.65708252546;357924.55953505205;3371.4556741245005;12491.370870150697;28136.97377211802;58455.402812514156;78252.5549575996;72871.12522410238;111862.34884978626;215443.8066332927;1
2006-4;84522.22028677262;2543676.6677324316;38144.65636979761;46377.5639169745;22996.631015977207;61525.58927079509;32.7075336912;83168.9106999489;837.0694655376998;10.024812505;12.5185968109;3.3273445408;83.2338952045;354.37948210780013;10.0111099895;7.5389677071;2.4983787288999997;0.0;35407.243711037896;29675.298669379386;7773.488779540909;5364.315282831802;6301.87384398221;22237.219091895848;10360.219768824714;15451.430997905492;0.0;5311.762011606101;31161.58841653998;818.3576068984999;1592.8154004213993;2091.867838040599;17734.178246535368;62285.00119487635;540.0730686734;1664.6170819823976;2183.4003238770983;5217.861818317506;12521.818024429913;7722.787219877004;5311.762011606101;49359.90073800886;2
2006-44;538958.049302386;21332607.269618846;256816.74255200097;282141.3067503918;231957.68789084966;307000.36141154205;1537.2712293989991;485468.3262133018;23348.699936099663;907.7833566712995;2904.035134350798;3083.600906817898;7776.305348918295;1800.2070617457996;3714.3924812767987;3170.6340449894965;401.4867696466998;4845.3068191710945;121741.45031441456;161342.0463264955;119809.05850949424;59654.90260141637;76410.5915505731;236532.8270400018;28669.487684703698;25881.00430545034;0.0;110323.1130818487;137551.6171903876;7734.206296038102;49945.20513144696;15924.18073013382;162929.2348823825;302425.22226239013;5007.168943113297;11831.691895849386;28221.73378080921;59310.6007325665;79557.49499094048;78899.69657448317;110323.1130818487;165806.54930278249;1
2006-52;321701.1471819287;13004199.54246107;161608.9335936673;160092.21358825528;145401.65724179382;176299.4899401287;583.3777001396999;310934.2979407777;4544.903331417401;166.14426215410003;131.09717618550002;551.1399287509001;1796.8828494554998;1233.5586536687015;501.0219297307;666.2593864027001;149.11156761089998;443.35245563649977;69443.74625599293;89851.88868340758;77198.92148272587;37890.707855059925;47315.8829047378;148447.06612601335;14995.33121681958;23022.948381570495;0.0;72224.70658317838;63011.09487434135;7690.972743028695;29377.293806828166;11749.721411848886;99629.07816430801;173254.08105590934;5031.2675346249;9308.393949103482;17036.244562951255;35690.142812675724;43335.03767202957;52360.05370436047;72224.70658317838;86715.30036300076;1
2006-53;307103.47188899224;12512415.01478476;157626.58467754553;149476.8872114491;134007.19036167578;173096.2815273185;760.6119127028998;298970.9275738313;3076.3318251033;83.13491114479997;130.2285274102;467.2043828992999;1746.3642371683989;621.6635173225;299.40333687610007;490.79060497809996;53.9499362775;402.8611232773;71854.25928025531;81343.36608863506;66459.78705342949;37763.390891568626;49682.668575106065;131067.19844287864;13185.314893331622;32310.166518232414;0.0;74087.21170204208;56453.580332510865;7954.359088829302;21550.0315418908;8802.787735909911;92760.0200762481;176036.27344611555;5266.032931474405;8667.011914097437;15496.224874582715;32667.6727498837;41495.64776246636;40090.72054502588;74087.21170204208;89332.94940942187;2
2006-75;537153.5614960425;22666034.100725606;259863.7490080846;277289.81248793966;222401.38752925495;314752.1739667735;1330.5098725227;504258.0093206386;13784.01506860989;2012.067721521501;451.3610800278001;3787.6458248252984;5540.4781382839965;1554.4431804099988;1014.6376958705001;2305.370655816601;298.41755017430006;816.6053873348009;116227.86218691405;159373.17606905152;113751.0266862424;65537.6063339429;82263.89021987369;225659.8425927312;26471.662543972;42328.40114665715;0.0;133423.3305258486;109270.3246868153;14119.66625383181;32163.470299455505;16139.198552493726;163237.50748694898;311493.7189032947;8939.313429536394;17180.41022187981;26489.121916998472;58509.42455214879;75927.7457289215;63538.16513694993;133423.3305258486;153146.04998374192;1
2006-76;561645.6881778479;21865238.771518007;283068.2550865882;278577.43309125496;213437.9030069371;348207.78517090285;1884.430491770399;510937.9345048759;24808.970216550988;2644.9086753016;1046.3808296377997;2645.219120314595;6567.7919183153035;1419.6979132521003;2904.820305756302;5773.458644712114;417.0974350982;594.9781222576003;159578.97359710457;152874.73059825943;92059.46092703231;64233.390332498864;92899.13272295521;208371.40871067514;30228.986647441143;43372.20792966782;0.0;123984.11161528365;155688.97327478035;11302.168816333018;24603.58901971709;15059.23910479662;157406.41176983007;353274.27946716815;8121.936084108089;16553.649811827585;31239.726689096333;55470.191905578344;74630.88389594597;50219.59829705093;123984.11161528365;201425.58987895589;1
2006-84;730889.4555034062;28647371.035449408;375613.2168088603;355276.23869457096;295053.800715803;435835.6547876309;3456.7906671396017;656857.843520684;31379.89246802209;1672.8410589172006;3790.5148701456037;5596.251564100299;7613.162078540394;2395.3751149786012;7864.532732359189;3583.204182609498;2500.904581332701;4178.142664584799;186492.83086367315;198733.8759886143;135751.71110462054;85744.31906182633;124166.71848469919;312372.8792996037;32903.551276156955;60963.6731842465;0.0;151080.26746354232;173569.08427988202;10169.019264199896;60381.50440472413;20156.615048603715;221665.74058207514;418516.5762038286;7602.329585880498;21923.182365361095;45663.54650172455;84551.50243339602;96821.89748281086;86700.01603061531;151080.26746354232;236546.7136401018;0
2006-93;465047.292481549;19285561.958821263;214154.04409223163;250893.24838932708;193386.24928794897;271661.0431936098;2168.730586034699;408134.98632198473;27764.021125984917;1056.8572084093;2779.9974904900005;1594.8698480199007;5520.807041265;2039.6613283390006;4821.170819259199;4412.349700290703;3915.774944546502;838.0660669254004;100703.25909488389;141839.7394838328;80096.45827745549;60047.96673162939;82359.8688937572;186018.74392203693;27607.170944883048;23397.872805970048;0.0;106096.37374536996;121927.13106329842;5148.151858365408;18962.38602223253;14140.935086742018;147767.27095469704;279028.5485595229;2425.6808809333984;16340.204911441588;28446.201211252926;51395.079718598245;67920.99961151811;44810.25523720117;106096.37374536996;147612.49716524195;1
2006-94;29821.743436169185;1251009.9782334736;13687.835619731146;16133.907816438259;11438.338130353126;18383.405305816206;42.019644060699996;26658.285847968287;936.8800848688983;41.31888353400001;193.843730689;503.54401198029996;190.8894396424001;25.163161870299998;83.3734636462;886.1266603434991;256.87672004650005;3.4217875191000005;6913.392981314982;10690.852723584938;3848.268867334515;4471.692145116619;3897.536718818313;10996.920739751631;1483.2115818695986;2717.7592402166065;0.0;6287.077898462704;8336.773975868811;453.21807377130006;567.4729058997997;1173.1133351879994;8803.116424892494;18824.822696417705;308.0862460796001;1303.3128559321008;1222.9122658407;2604.770161866407;4264.790115307311;2601.1924129799004;6287.077898462704;11229.601479700606;2
2011-1;44154.62137819853;1594033.7167164222;22623.386058669505;21531.235319528947;10368.559148441489;33786.06222975691;1570.3405198495977;41700.28665042481;762.8288463558998;9.9277498962;14.9536787742;2.4987226041;71.23612766359999;15.0293429592;5.0215091299;2.498230541;0.0;0.0;15158.349322472797;14392.978546453267;4975.853727428299;4666.5458438942005;4960.893937949805;11425.801436268785;5775.796051460397;3469.7050492968997;0.0;8112.062292625501;15371.256548546802;368.4056145399999;730.6278913812004;882.3589295959001;9444.40900075168;32728.81994192962;269.18756448899995;1468.5035610128991;1412.5718678047003;3239.0893562115975;5525.1104335640985;3392.4153694236024;8112.062292625501;20735.680933066997;2
2011-11;1145883.406749205;43753111.17846529;531455.7814008684;614427.6253483801;411631.943676637;734251.4630726016;27845.35673317316;893338.8988046907;103032.05115312462;3341.5883266024007;4260.0122827655;22886.201960863797;18249.25874740843;30464.220567529595;17760.57538410093;13044.472341041588;5937.3674179863865;5723.403029945201;289902.7002004206;245054.0061644842;141441.90948315235;148640.33945304755;320844.45144814264;537635.9749008554;70944.33270848653;125404.25004155598;0.0;180264.43507710547;231634.41402123604;1268.8952237423;44116.75051918444;28493.0082361219;463757.3209218069;608247.4318483883;853.2273884883001;27964.298813600326;160416.87688337278;159368.98224444714;162741.98977636785;89320.40831933428;180264.43507710547;364953.1882465265;0
2011-2;40454.40254570886;1656176.8563465385;18008.518370512604;22445.884175196174;9767.29653553499;30687.106010173782;552.7923279556999;39381.51728331553;400.8081600556002;5.015234254799999;9.0083578695;4.9459272679;74.02375110740002;14.9975015317;5.031854722;6.262147628699999;0.0;0.0;10137.403981534797;14654.800221549687;6313.690588993503;3961.0103340599007;5387.497419570894;14393.43389908418;4984.987280555802;623.9367253969001;0.0;8184.652794354098;12267.391846317794;570.7812412502001;974.7603809134996;1065.392325425101;11782.49995149539;26060.9686466246;279.7913692316;1344.2930091552005;1718.013059735;3898.7327096151016;6875.750051427998;4186.184538926001;8184.652794354098;13966.985013263793;2
2011-24;262273.03601272736;10524539.357145248;132623.23816145107;129649.79785127203;100535.45463226263;161737.58138046114;800.7988316229004;243680.99914644266;7728.982803183897;354.1316875418;181.9121266693;2461.7307183656008;1512.361671319999;1980.8281196992011;782.9461725771002;1536.2890651207008;253.1384226574999;998.9172475267995;68715.31932972967;70367.47419262958;51960.28110948324;30361.710298399285;40868.2510824833;103927.45577998165;13821.911351594297;20491.639778411987;0.0;62263.46298934937;61768.56611338582;3645.6062107322;17380.951731564994;7720.105610138999;75180.79222754609;158345.58023274256;2130.0422143596;6438.217418316792;14449.007499703019;28135.710521867644;34086.890935365904;31522.435735175106;62263.46298934937;83247.26869858733;2
2011-27;271222.79973423237;11625162.391591348;127326.84631409698;143895.95342013796;112743.53862364801;158479.26111058737;693.5506638798003;248902.24951364755;9996.943926629612;333.7327420392;722.0767578286;1900.3621735920005;2706.8544016184014;773.7897805427998;1553.7231247387995;1836.9673690807028;313.7104191481999;1488.8388614861005;55353.33981985966;79999.77050478211;59187.28879214601;33325.418916101036;43356.98170134231;113871.16840039646;14719.513289641303;17657.54063840951;0.0;70008.57165565662;54966.00575012835;4880.218306608401;21063.423501126294;8482.743625282796;79444.78296737798;157351.63133383918;3388.4731558375993;7593.099580025994;13917.462152038092;29330.63633922841;35932.67889977086;37289.1060528506;70008.57165565662;73762.7718988224;2
2011-28;368494.1929582485;14452118.9495179;181764.14581461056;186730.04714363496;132370.14739937463;236124.04555887278;812.1665855404003;352993.3380185263;6721.786546593806;194.23329228;157.57569733909997;844.9908981112998;1977.4670371724999;1842.6271881198995;1098.5265717599004;866.5658460228004;193.06313354059995;791.8521432423;105956.01088039597;100654.10030861525;73056.43932947224;39110.49574639359;49717.14669337202;134533.205171195;20072.492236796614;33376.70170872832;0.0;89135.99521647158;91375.79862505585;4511.0781526647;23576.79152576452;9848.802459926408;96596.5330328408;233960.98778705182;2753.0443871265993;8976.937286012888;16835.1404303262;35174.917875545776;44685.59749357647;44076.74370195408;89135.99521647158;126855.81656723518;1
2011-3;21819.376802546005;680167.916554847;11140.668442116008;10678.708360430113;3169.6803577124015;18649.696444833648;6881.809987420498;13049.484904290583;1768.0737223945991;2.5158875419999998;9.8809116933;4.9991693641;77.489596823;7.556336716399999;5.0285346661000005;7.5487606053;4.988991030199999;0.0;7666.060246909996;8480.560928914092;2004.354112069299;1504.9588849232975;2163.4426297293985;6308.848435571698;2868.224646198001;3600.6839269920006;0.0;1410.9503986595996;7630.6693951248;139.7839937196;774.6918462682994;544.4474785096002;4849.925117074201;15510.528366974404;109.9957695952;849.8242820557001;798.2593451232998;1630.3176274182997;2679.8687981025014;1647.8133366350996;1410.9503986595996;12692.3472449564;2
2011-32;550570.8287214865;21979229.93105607;266125.09810667846;284445.7306148218;220819.37715650967;329751.45156498544;1356.2281918931985;516764.22219519457;15624.146895436194;401.6390139579001;901.9223175656994;2105.8729852446;3319.1573580065974;2487.1214495200024;3200.2744535233996;3230.9146473450946;391.9151374315;787.4140763647997;122226.29231041316;161100.26483846334;105895.36998588339;68688.40084305979;92660.50074367349;237351.80209867703;38690.24543092636;41318.622413032244;0.0;106383.34238760233;126826.81639125793;4766.164090123809;37656.541091664985;16473.08927705229;178456.0076398332;313219.02662282053;2692.006324410496;12179.771824023803;33135.795743459195;66404.8741606909;77712.55865102647;78848.77021791066;106383.34238760233;173213.70941237023;1
2011-4;98646.97093277177;2972818.290793676;42892.878137097505;55754.09279567317;22914.00149702769;75732.96943574361;101.5293816283;96590.25296407829;1159.008664483599;10.0427572277;27.610109848999997;7.5023514488;74.8498419959;651.1251318169001;2.5024727992;17.5634234867;4.9838339573;0.0;44563.62801926072;28930.075216459965;8815.10804965882;8051.599927693111;8286.559719698516;22414.955469451823;13784.287615687326;18465.788340606596;0.0;9454.469847806213;34527.46965921913;879.3214078944998;1671.1903145954998;1911.6780676512994;17952.765679310563;76232.01546331937;640.3951228283;1879.8393823375986;2944.9210818646015;7146.918844868403;12054.14422500823;7627.646031921708;9454.469847806213;56898.63639613616;2
2011-44;541282.5988440614;21987993.399853982;272030.4485631701;269252.1502808976;215881.0550101232;325401.54383394157;2000.0221319064008;484744.3446242183;24098.29971722055;791.1250295437997;3151.957685181805;2841.712348448502;10076.405762082892;1985.0119544102001;3840.9273355314003;2849.5240739810033;505.90066370790015;4397.367517830395;128815.56412065958;146477.49742279007;115506.27832598003;66112.02808326365;84371.23089137553;221167.13582115472;32594.33266105416;41140.98911841556;0.0;119598.25324350887;126781.88799993484;7028.8507688194;39637.89450890968;15282.65473388619;159217.73580953944;320115.4630229114;4153.926582706301;12548.470191452298;29809.36230623067;55254.52079450425;76930.52896744276;71727.2896004061;119598.25324350887;171260.24715781875;1
2011-52;341587.44696097274;14362490.065049082;162169.16719162365;179418.27976935075;142202.91025823622;199384.53670273605;971.4398272498997;328505.84035190707;5159.492803579496;171.01484918180003;120.39840924159999;695.4436916414002;2058.944684288899;1713.3342787768008;580.1405307639001;751.2504819117995;332.1089676585001;528.0380847706999;74252.15964338927;93131.7471444288;74233.37362577555;41819.596923208286;58150.56962417333;147094.27443211828;18407.495511311823;23749.09623409057;0.0;85536.2492136633;66800.33156979083;6634.692479829796;24256.921072201927;11550.494317492386;104652.16656259405;194493.17252885454;4083.6413518811028;9428.228128126164;20337.525259812683;38755.53787691896;45636.75231393804;46005.80761281272;85536.2492136633;91803.70520382185;1
2011-53;309063.3029462589;13659154.47445347;147686.00221952924;161377.30072672144;132209.3282126778;176853.9747335736;913.2116773331005;298223.03793555347;3880.8655965099997;114.61368661440001;112.5082570547;494.73848157099974;2917.059328237395;904.1663152486007;296.76503425040005;435.7794542298999;90.2774554157;680.2797242387999;60512.592707364005;80802.38799931198;64177.215270582885;42559.325864555954;61011.78110443864;130017.24673399405;14718.445349960171;18180.54185561817;0.0;88306.90367148745;57840.16533518986;6470.775993576998;19040.593655494427;8845.505158275675;95660.37192664765;179046.05621225742;4233.904400743403;9134.74345497499;18591.07968051727;34332.304979844834;41132.27522601364;36460.99077155012;88306.90367148745;76871.10076111973;1
2011-75;563574.127522965;24391340.899705354;264205.97884425963;299368.14867871406;228701.33932275613;334872.78820021666;1693.3489643869991;526279.0861467138;14857.426009435616;1813.0930448441;445.40321367930005;4313.946735566406;7390.886307388507;2165.022234600401;1032.5902128799003;2319.775657335399;341.6463020926001;921.9026940371999;118085.6500755475;152871.4466215339;115905.80511378714;74423.0241678668;102288.20154424284;229587.62127289566;30523.015308698014;35269.505017295734;0.0;152804.89483966085;115389.09108443027;13241.7296526703;28850.4491557212;18231.582640983073;169263.8598235218;333986.50625007943;8266.675688910105;18249.94833484649;29807.006547598816;62757.42362274496;76765.97690258511;62333.20235013787;152804.89483966085;152588.99923649503;1
2011-76;564177.2875194551;23626447.893135093;270238.70093725866;293938.58658217726;214573.546011748;349603.7415076876;2664.603848298698;508324.3557952526;26196.556384072046;2758.2330055543985;1048.7087995311;3160.4601892930955;8450.65467709599;1710.332153099699;2682.582377899999;5821.535914799601;521.0488387340995;838.2155358050998;132494.65574644023;144990.34104099276;96300.41055550645;75318.31566675907;115073.56450973685;220390.52639370787;34828.027214564325;47025.24860440733;0.0;138500.37511387139;123433.1101928864;9409.937108519696;24149.9461603177;17267.72385529688;169562.91926957117;343786.7611257302;6866.495032927496;19540.17203760953;34260.94444970808;63209.971513256714;75163.71521134413;53275.05216819383;138500.37511387139;173360.56199252562;1
2011-84;739381.1216788987;30454863.967173874;366330.8432517382;373050.27842719096;301779.38569564343;437601.73598328145;3938.814934600396;660713.0572656569;33435.8609039725;1691.0903464757994;3219.4013524066972;6616.003420954099;9450.955113331087;3192.098203941199;7626.5297739812995;3335.3964161197005;2334.155289019698;3827.7586584367036;162264.17742684405;189219.07132786734;134126.98018241153;98064.6816713883;155706.21107039574;327992.8630661806;38788.63466439129;56466.160755197285;0.0;166365.9904093075;149767.47278384157;8089.7658074800975;51841.527520794894;24634.19137340974;243427.3783644867;411388.2586127511;6385.326891326389;23092.34420940032;56336.49505718213;92634.91787149536;102338.62955705888;82562.36445652448;166365.9904093075;209665.05322661428;0
2011-93;517316.71473689296;21194360.535342768;231231.84296576178;286084.8717711312;191749.8867033176;325566.8280335793;2720.4028831598007;460409.55563591287;25618.45620047414;969.7214033917;2746.8262318023003;2456.4992493532054;6457.9337894865;2355.7023681252012;5246.7361434942995;4500.258987825503;3035.7707596334008;798.8510842339001;134827.9905481637;135424.25238419214;80770.17861079404;65599.55672384359;100694.73646989932;192066.5692835281;29668.61024593495;38070.354940861995;0.0;120924.38138248835;136586.79888407665;3174.1385481008033;17642.55508180974;14782.291365824225;156467.5842877949;325250.1454533683;1861.2288818493994;18185.600268909526;32015.133458771037;55371.897994480016;68710.04979638841;42992.039411721555;120924.38138248835;177256.383542283;1
2011-94;30106.395468975566;1342503.3749628116;13430.531291766049;16675.86417720905;11926.561713667128;18179.833755308075;56.836701074900006;26417.85293795944;981.3825809845999;52.03749926749999;243.3307733713;745.9475986545001;375.4630325936999;28.610361359200002;90.5067207776;927.4942954868006;184.9448386153;1.9881288306;5185.591658065705;10146.893493953596;4553.34212123111;5150.139640333614;5070.42855539121;12494.73288330504;1635.493750980999;1616.5075392266003;0.0;7005.009227700612;7354.652067761902;332.3440163487998;641.2037718959;1445.1307118119985;10076.05438324839;17611.66258567011;217.0992833640001;1265.0554769416;1483.7839370763018;3197.1239552033985;5048.769279714108;2729.7278037532956;7005.009227700612;9159.826505221889;2
2016-1;35544.305548384866;1512659.3545087583;15877.160044321192;19667.145504063774;10450.619763515791;25093.68578486919;2154.276365906701;32681.567476444776;588.3664004925001;19.815713154899996;10.0097633232;9.9002351674;50.55863797840001;17.503854758600003;12.3071011585;0.0;0.0;0.0;6008.168509079603;12775.218867095773;5829.397672334897;4455.245945054505;6476.274554820208;13402.573849708479;5515.348792258603;689.4644798951998;0.0;6410.8316003093;9526.086826213408;422.4496627809;867.4384018370998;890.1914335659004;11222.494351524576;22141.731698676467;304.7036076802;1724.1118419136;1779.2984768439007;3506.7338436436007;6745.736171684502;3411.538357576602;6410.8316003093;11661.351648733305;2
2016-11;1196985.5482094272;45738023.12893827;595130.0162293399;601855.5319800548;407174.39362098736;789811.1545884153;30656.65781476431;909492.3079959567;117881.8859655549;3988.6800626527006;4948.788229507793;23340.709595483873;21133.6955339508;37315.08937296512;20273.376027692193;14843.690750740097;7361.012142702497;5749.654717434897;312000.85871304816;218918.10618880743;147070.4531873737;148074.33491854044;370921.795201634;546730.181338071;77051.82997089456;103594.28854904471;0.0;189689.44796016868;279919.80039121635;1135.5926429467995;40383.88427702359;26803.463614504773;478407.24080360035;650255.3668713276;659.6037746906997;30673.20153291395;176508.0252910091;158617.9483657509;162421.26143986845;84810.1918002165;189689.44796016868;393605.8680447965;0
2016-2;44292.30460254061;1659640.8389828138;18817.075205479417;25475.229397061645;10290.914399948795;34001.39020259199;456.01702753570004;43275.91100732353;396.48940480010015;15.0229474007;7.3774542833;7.5051802653;103.90276481060002;25.2766263531;4.8021897685;0.0;0.0;0.0;15104.743066022298;11871.525915900715;5630.4342497463995;4870.203978604001;6815.397392267602;14045.735734206899;3760.0211322914047;3400.7892923077006;0.0;8013.137506904401;15072.6209368306;698.1225639278;932.7800254448003;817.8804399470001;11596.952704887291;30246.56886833413;296.38389197979996;1137.6123956435993;1349.5890723173;4033.2880725527025;6737.143253254097;3439.9044957813026;8013.137506904401;19285.245914107818;2
2016-24;270028.23736332374;11381796.909942403;128427.42642838048;141600.81093493977;97649.00156864036;172379.23579468107;1119.7920784618;248231.49808794435;9071.595309802588;456.7803932808999;263.6710172177999;2986.028182028102;1731.2955289538002;2391.6653331110006;942.7257689302998;1609.5293519344993;348.5784248861999;875.0778867720002;66658.00307442363;65798.80415977656;54214.01978858882;32333.853642403177;51023.556698129265;105654.2949797052;15055.824547861519;23526.682399883335;0.0;69472.96443760932;56318.47099826277;3394.586243902801;15545.979674312683;6811.014923420498;79902.71413806916;164373.94238361667;2043.561520225999;6530.351045534896;15357.62934629357;30270.62019819515;35562.506036383376;29485.53016702637;69472.96443760932;81305.07461205292;2
2016-27;275716.9618003065;11913666.00594334;131608.216053366;144108.74574693982;104202.0133156585;171514.94848464587;1129.4262245959005;252666.25423056522;10495.977367348607;420.2798359494001;630.6326714236;1770.9751352843;2904.3214927196004;1150.7825394756;1298.185513520601;1659.4236814325975;342.7194841234;1247.9836238671992;61071.74384250808;69258.53063670605;61076.14305647347;34113.45826617838;50197.08599844185;111987.6469748437;16061.985962501254;17201.958913708117;0.0;71228.40167710008;59236.96827215376;4458.866285759793;19813.32944378052;7731.0029510932045;79984.44829421022;163729.31482546256;2856.6495252254986;8076.883794555509;14919.19503232998;28998.77089652001;37033.00414832492;34671.31566149261;71228.40167710008;77932.74106475801;2
2016-28;347772.27070009615;14632789.39103817;157759.96619983675;190012.30450026;125278.27166400927;222493.99903608637;1099.6712255949;331184.6700320138;6793.997755846606;171.5578869533;250.3242305497;723.8147928890997;2147.9570276966983;2262.305152155101;1190.0375829424006;1025.529337657;323.11275314499994;599.2929226526;84911.70188828258;91985.10944552766;73926.78264835864;38919.849321874564;58028.827396055225;132511.3544472598;19118.60452058983;16114.908666093805;0.0;92727.11305281802;87300.29001333834;4365.540345037802;21631.751629447022;8952.501512796194;97561.56095997857;215260.91625283728;2672.0163436131993;8899.733708466787;17713.51913154112;35306.792971845665;45859.23974816717;39351.15582551135;92727.11305281802;105242.69991813516;1
2016-3;24972.931723758917;739078.3742364002;11121.458681720698;13851.473042037962;3670.3458219252025;21302.585901833572;8179.862722269407;15272.289436377267;1293.2406626453999;2.5828688565999998;20.0811732423;10.824162925699998;99.34406194189998;79.1622409078;8.0415845569;7.5028100354;0.0;0.0;9200.357207961697;9058.611560152887;2261.1795033383983;1847.2551576967999;2605.5282946089014;6451.86295796421;3842.5629930047;2838.280178138899;0.0;1644.0144372118993;10196.211157438998;161.6540448255;530.1971368460001;471.6085963417996;5288.4031799509075;18521.068765794498;117.39984139150003;762.3326977492;850.5020202621;1923.0321889588974;2745.9735403123996;1937.1914527013998;1644.0144372118993;14992.485545171268;2
2016-32;660283.6819707928;24172558.252978384;317335.43473761156;342948.2472331757;204890.04464239077;455393.6373283994;1931.093467571;621544.093698878;15001.805487730819;576.1563886703;1135.9905730851;2044.9398407955011;4366.1377828185;3654.9083053862028;4458.023583746404;4110.623952016098;522.4134801368;937.4954099556003;218574.19410409156;152807.06818478275;108983.01631123986;72759.37770604891;107160.025664627;223512.84653703088;45566.07599174261;61114.62733059368;0.0;126382.58327022057;203707.54884120252;5434.474265331296;29075.724597333883;14044.383022652708;174958.2646517113;436770.83543375914;3240.7869978905983;13018.99527291686;30575.095487859337;62957.264467607456;82495.95543382443;70902.27851546269;126382.58327022057;270710.7225250078;1
2016-4;76426.54991936966;2803511.188934221;39381.33740953819;37045.21250983126;23702.35629367579;52724.19362569369;97.95282336679998;74281.70832278521;1182.731832674899;22.3982878281;15.074786901;4.9948812147;124.1564461168;679.9262443843987;7.5671823457;10.0391117521;0.0;0.0;17564.402475466308;24244.134343517537;12666.44671153391;10919.445069304407;11032.121319547627;27156.07258414141;14244.665701478325;5019.654580301599;0.0;9821.050223710303;20185.106829738215;722.9675996316995;1583.2310577955993;1871.8800091271999;22977.99391758687;49270.47733522812;579.5181713688997;2052.5472391434973;3317.9392325896974;7483.727947032508;15812.429697163601;7819.076931006399;9821.050223710303;29540.260477354826;2
2016-44;572809.1878734933;23357476.513874862;266730.8524301674;306078.3354433399;209578.68890534047;363230.49896816094;2644.6497701275025;514322.8999450898;25050.507538882885;941.3160505995004;3084.9783367396035;3193.616900123103;10491.399326763822;2571.815441145898;3518.393396043098;2872.9658804669043;562.2267815935005;3554.418505924601;142926.27358199662;131949.54615577025;119422.23889788962;71074.0430590026;107437.08617884445;230605.2089290346;37553.258501245065;55134.67810414217;0.0;123984.1052549383;125531.93708414468;7081.057327440798;38025.47367153252;14612.3878259743;170886.29010408593;342203.97894446907;4065.0057568907973;12167.86957923527;32765.37646163615;62686.54560124194;80090.19117892534;72745.48325584273;123984.1052549383;184304.61078479176;1
2016-52;365663.6596093101;15736811.912142625;178384.47152740948;187279.18808188636;143597.89896966354;222065.76063963352;1224.8083550532997;348340.8327264998;6561.416603465101;248.90348652489996;281.7657814124001;899.7166630437002;2691.8135225220017;2565.805092315099;812.9779099328005;990.9769328158002;504.16386736500004;540.4786683600001;78021.98450089117;85905.11629850295;82153.16359865092;46922.56491865737;72660.83029259396;152785.798254224;20978.053082473205;30105.78320666976;0.0;97544.74125296962;64249.28381295914;6451.956065866906;25752.340801716313;11066.339613504208;109515.16177313811;212877.86135507305;3945.2282616619996;10242.546932385292;23234.77624882724;42051.63390563876;43783.136158312685;48858.85001498264;97544.74125296962;96002.74683451786;1
2016-53;376969.1167855607;14000975.67832858;170951.41469967293;206017.70208589677;113637.12313313522;263331.9936524353;1383.2953406775002;364365.8654577103;4486.030683913102;197.31799130379994;147.14427848690002;698.1910913682999;2747.430131459197;1414.3610341313006;349.3227694840999;552.7301871666998;188.21447172589998;439.21334813539994;132247.38575556848;64246.906453149415;65761.70370884523;46402.36512648236;68310.75574152403;130609.28316173161;17734.079240027284;31088.073069251273;0.0;80350.10085420414;117187.58046035799;6217.059248039696;17898.034516435815;9280.699762211994;97213.48963504349;246359.8336238403;3675.9740503309995;9371.06171176209;18975.052173176395;36262.11289086476;40865.49351734131;37933.67768357659;80350.10085420414;149535.64390431248;1
2016-75;595451.1154771477;25789011.56579494;289166.4867639647;306284.6287131699;217695.57119722024;377755.5442799096;2181.0431979619;553077.3115621671;15478.937220631411;2464.0965108648;537.3838444483001;4591.7469056925;8284.965105872509;2996.2847744551987;1605.1024251869;2972.043380982699;462.1369952218;800.0635536451996;135612.20371837742;137989.63881146206;122121.91660683836;79468.77996796131;120258.57637249761;232572.16332626378;35472.314758592904;51487.50896476031;0.0;158321.93217142607;117597.1962560927;11458.7081359149;28497.285319218496;16226.275711458928;176389.89415967165;362878.95215086924;6316.5960789576075;20821.253570016994;33192.575083748154;64694.31308431298;78996.99893251366;60580.69551154288;158321.93217142607;172526.75104461773;1
2016-76;606041.9526642613;25089724.239978958;303564.12995609484;302477.82270818506;210009.9557693613;396031.99689492496;2947.3306067881977;546729.6770482735;26400.891762073396;3220.0512985858013;1278.0786209085;3720.0647714183056;9001.04971566361;2176.3343226324996;3198.9697594849017;5933.690235681689;671.7483531263996;764.0661696367;158224.98761221982;129910.11402475194;104734.40139999054;79250.35646492193;133922.09316238968;223085.3701121195;39447.54419660464;51542.021194233945;0.0;146465.6038036759;145501.41335764114;8398.6112741539;22829.795918005857;15696.731903789616;176160.23101616986;382956.58255216305;5862.301878827802;20556.04095675966;39153.20341102602;65874.6148851376;75483.08966416064;51878.02527809835;146465.6038036759;200769.07278658723;1
2016-84;751941.6618045189;31450131.30034864;377442.8201488074;374498.8416556717;285055.41507523827;466886.24672924535;4266.945790364899;664899.8266750327;35165.6609141794;1893.551426346001;3934.5604422737993;7226.211970813396;11232.55394878049;5551.531691331588;7828.873295929107;3617.0523419360984;2614.2784407612994;3710.614866763502;163445.28765474664;161407.79025011466;146196.12742392274;100338.85383045138;180553.60264525717;331379.4681918589;46373.418696839275;63820.42504868731;0.0;167200.95128397673;143167.3985831277;7819.000922042802;51181.080532345026;22313.894409913893;250065.49232756128;420562.1936126245;5958.121795866701;24202.174686073824;59290.27007085331;97146.97810433489;105053.87476016817;81936.7113804571;167200.95128397673;211152.57972276225;0
2016-93;482823.0403411468;21178632.804905415;221456.71132380687;261366.32901734143;179183.12233480255;303639.91800634185;2696.620825526602;421269.3968677655;24576.14447381497;1455.4105480725998;3003.9472501377036;2862.053357159602;7951.269814534794;3312.951714912601;5869.14451556051;5133.464642483299;3778.2801388432017;914.3561923370994;99165.74381590744;114230.67253926197;85843.63455168964;69016.13055106693;114566.85888322278;190888.36931841052;32506.66696618265;35628.603453195086;0.0;120055.09750298581;103744.30310037587;3346.424043749498;16160.249577852168;12715.731203624806;158665.96449318345;291934.67102273833;1770.7285767854;18847.1037646428;35282.17692011708;53749.261836973616;68656.21720349217;42170.71754788194;120055.09750298581;142291.73698827022;1
2016-94;33596.571733636396;1446601.1451673198;16676.014792834285;16920.55694080203;12222.056304008243;21374.51542962816;88.06463702870003;29606.078411141425;1041.9742420319008;40.98302951950001;235.58747787709996;791.1253922373996;392.6493588141999;50.4365977823;119.3053934047;1012.9176458869002;216.43409336680006;1.0154545455;7376.258835026991;8967.25360630221;5292.330931420402;5483.371817546721;6477.356543340202;12843.049087837504;2023.6693602779967;895.2954776104003;0.0;7763.433186700226;10071.124621210283;403.1308059471999;751.9790994202011;1338.4946463784;10349.444536091736;20753.52264579882;272.78077974530004;1607.7414024956965;1498.2191994066989;3304.3509884294;5136.747198884113;2819.0803868779076;7763.433186700226;11194.218591097178;2
